-- phpMyAdmin SQL Dump
-- version 5.2.2
-- https://www.phpmyadmin.net/
--
-- Gép: localhost
-- Létrehozás ideje: 2025. Ápr 26. 18:43
-- Kiszolgáló verziója: 10.11.11-MariaDB-0+deb12u1
-- PHP verzió: 8.2.28

SET SQL_MODE = "NO_AUTO_VALUE_ON_ZERO";
START TRANSACTION;
SET time_zone = "+00:00";


/*!40101 SET @OLD_CHARACTER_SET_CLIENT=@@CHARACTER_SET_CLIENT */;
/*!40101 SET @OLD_CHARACTER_SET_RESULTS=@@CHARACTER_SET_RESULTS */;
/*!40101 SET @OLD_COLLATION_CONNECTION=@@COLLATION_CONNECTION */;
/*!40101 SET NAMES utf8mb4 */;

--
-- Adatbázis: `civitas_fortissima`
--

-- --------------------------------------------------------

--
-- Tábla szerkezet ehhez a táblához `comments`
--

CREATE TABLE `comments` (
  `id` bigint(20) UNSIGNED NOT NULL,
  `user_id` bigint(20) UNSIGNED NOT NULL,
  `idea_id` bigint(20) UNSIGNED NOT NULL,
  `content` varchar(255) NOT NULL,
  `created_at` timestamp NULL DEFAULT NULL,
  `updated_at` timestamp NULL DEFAULT NULL
) ENGINE=InnoDB DEFAULT CHARSET=utf8mb4 COLLATE=utf8mb4_unicode_ci;

-- --------------------------------------------------------

--
-- Tábla szerkezet ehhez a táblához `failed_jobs`
--

CREATE TABLE `failed_jobs` (
  `id` bigint(20) UNSIGNED NOT NULL,
  `uuid` varchar(255) NOT NULL,
  `connection` text NOT NULL,
  `queue` text NOT NULL,
  `payload` longtext NOT NULL,
  `exception` longtext NOT NULL,
  `failed_at` timestamp NOT NULL DEFAULT current_timestamp()
) ENGINE=InnoDB DEFAULT CHARSET=utf8mb4 COLLATE=utf8mb4_unicode_ci;

-- --------------------------------------------------------

--
-- Tábla szerkezet ehhez a táblához `follower_user`
--

CREATE TABLE `follower_user` (
  `user_id` bigint(20) UNSIGNED NOT NULL,
  `follower_id` bigint(20) UNSIGNED NOT NULL,
  `created_at` timestamp NULL DEFAULT NULL,
  `updated_at` timestamp NULL DEFAULT NULL
) ENGINE=InnoDB DEFAULT CHARSET=utf8mb4 COLLATE=utf8mb4_unicode_ci;

-- --------------------------------------------------------

--
-- Tábla szerkezet ehhez a táblához `ideas`
--

CREATE TABLE `ideas` (
  `id` bigint(20) UNSIGNED NOT NULL,
  `user_id` bigint(20) UNSIGNED NOT NULL,
  `content` varchar(255) NOT NULL,
  `created_at` timestamp NULL DEFAULT NULL,
  `updated_at` timestamp NULL DEFAULT NULL
) ENGINE=InnoDB DEFAULT CHARSET=utf8mb4 COLLATE=utf8mb4_unicode_ci;

-- --------------------------------------------------------

--
-- Tábla szerkezet ehhez a táblához `idea_like`
--

CREATE TABLE `idea_like` (
  `id` bigint(20) UNSIGNED NOT NULL,
  `user_id` bigint(20) UNSIGNED NOT NULL,
  `idea_id` bigint(20) UNSIGNED NOT NULL,
  `created_at` timestamp NULL DEFAULT NULL,
  `updated_at` timestamp NULL DEFAULT NULL
) ENGINE=InnoDB DEFAULT CHARSET=utf8mb4 COLLATE=utf8mb4_unicode_ci;

-- --------------------------------------------------------

--
-- Tábla szerkezet ehhez a táblához `migrations`
--

CREATE TABLE `migrations` (
  `id` int(10) UNSIGNED NOT NULL,
  `migration` varchar(255) NOT NULL,
  `batch` int(11) NOT NULL
) ENGINE=InnoDB DEFAULT CHARSET=utf8mb4 COLLATE=utf8mb4_unicode_ci;

--
-- A tábla adatainak kiíratása `migrations`
--

INSERT INTO `migrations` (`id`, `migration`, `batch`) VALUES
(1, '2014_10_12_000000_create_users_table', 1),
(2, '2014_10_12_100000_create_password_resets_table', 1),
(3, '2019_08_19_000000_create_failed_jobs_table', 1),
(4, '2019_12_14_000001_create_personal_access_tokens_table', 1),
(5, '2024_12_27_220714_create_ideas_table', 1),
(6, '2024_12_31_184808_create_comments_table', 1),
(7, '2025_01_07_130101_add_bio_and_image_to_users', 1),
(8, '2025_01_12_155435_create_follower_user_table', 1),
(9, '2025_01_13_213027_drop_likes_from_ideas', 1),
(10, '2025_01_13_213513_create_idea_like_table', 1),
(11, '2025_01_14_130228_add_is_admin_to_users', 1),
(12, '2025_03_11_091231_create_pin_categories_table', 1),
(13, '2025_03_11_092819_create_pins_table', 1),
(14, '2025_03_11_093616_create_pin_user_table', 1),
(15, '2025_04_07_135738_add_category_color_to_pin_categories', 1);

-- --------------------------------------------------------

--
-- Tábla szerkezet ehhez a táblához `password_resets`
--

CREATE TABLE `password_resets` (
  `email` varchar(255) NOT NULL,
  `token` varchar(255) NOT NULL,
  `created_at` timestamp NULL DEFAULT NULL
) ENGINE=InnoDB DEFAULT CHARSET=utf8mb4 COLLATE=utf8mb4_unicode_ci;

-- --------------------------------------------------------

--
-- Tábla szerkezet ehhez a táblához `personal_access_tokens`
--

CREATE TABLE `personal_access_tokens` (
  `id` bigint(20) UNSIGNED NOT NULL,
  `tokenable_type` varchar(255) NOT NULL,
  `tokenable_id` bigint(20) UNSIGNED NOT NULL,
  `name` varchar(255) NOT NULL,
  `token` varchar(64) NOT NULL,
  `abilities` text DEFAULT NULL,
  `last_used_at` timestamp NULL DEFAULT NULL,
  `expires_at` timestamp NULL DEFAULT NULL,
  `created_at` timestamp NULL DEFAULT NULL,
  `updated_at` timestamp NULL DEFAULT NULL
) ENGINE=InnoDB DEFAULT CHARSET=utf8mb4 COLLATE=utf8mb4_unicode_ci;

-- --------------------------------------------------------

--
-- Tábla szerkezet ehhez a táblához `pins`
--

CREATE TABLE `pins` (
  `id` bigint(20) UNSIGNED NOT NULL,
  `pin_name` varchar(255) NOT NULL,
  `pin_description` longtext DEFAULT NULL,
  `image_link` longtext DEFAULT NULL,
  `latitude` decimal(10,6) NOT NULL,
  `longitude` decimal(11,6) NOT NULL,
  `pin_category_id` bigint(20) UNSIGNED NOT NULL,
  `created_at` timestamp NULL DEFAULT NULL,
  `updated_at` timestamp NULL DEFAULT NULL
) ENGINE=InnoDB DEFAULT CHARSET=utf8mb4 COLLATE=utf8mb4_unicode_ci;

--
-- A tábla adatainak kiíratása `pins`
--

INSERT INTO `pins` (`id`, `pin_name`, `pin_description`, `image_link`, `latitude`, `longitude`, `pin_category_id`, `created_at`, `updated_at`) VALUES
(1, 'Monument to the heroines of 1648 and 1848', 'This is the city\'s first non-religious public art work, commemorating the women who played a role in the successful defense of Gyarmat Castle in 1648 and the 1848 revolution. Its cost was raised by donations, and an obelisk was erected. The ceremonial inauguration took place in 1908.', 'https://upload.wikimedia.org/wikipedia/commons/3/34/Memorial_of_female_heroes_Balassagyarmat.jpg', 48.075361, 19.289000, 1, '2025-04-26 18:43:27', '2025-04-26 18:43:27'),
(2, 'World War I memorial', 'This memorial was erected in memory of the citizens who died in the First World War. Its cost was raised through donations. The inauguration took place on October 20, 1929, in the square next to the county hall, in the presence of Governor Miklós Horthy. Since the area was temporary, the statue was moved to Palóc liget in 1937. The memorial was later renovated, including in February 2016, when missing parts of the lion were replaced based on archival photos and the model.', 'https://upload.wikimedia.org/wikipedia/commons/thumb/1/13/World_War_I_memorial_Balassagyarmat_2.jpg/1280px-World_War_I_memorial_Balassagyarmat_2.jpg', 48.074611, 19.290111, 1, '2025-04-26 18:43:27', '2025-04-26 18:43:27'),
(3, 'Statue of the 16th home guard', 'The erection of the World War I home guard memorial was initiated in 1935 by former members of the 16th Home Guard Infantry Regiment and was realized through donations. It was made by Jenő Körmendi-Frim. The memorial was inaugurated on October 27, 1937, in Hősök Square. The statue was moved to a secluded corner of Palóc liget in 1967, then returned to its original location in 1990. It was renovated in 2015.', 'https://upload.wikimedia.org/wikipedia/commons/thumb/0/0a/H%C5%91s%C3%B6k_tere_4.JPG/800px-H%C5%91s%C3%B6k_tere_4.JPG', 48.072389, 19.290472, 1, '2025-04-26 18:43:27', '2025-04-26 18:43:27'),
(4, 'Madách statue', 'The statue of Imre Madách, an outstanding personality of Hungarian literature, was made by Ferenc Sidló. The county issued a closed competition in 1935. The location for the statue was the square between the Courthouse and the County Hall. The ceremonial handover took place on September 26, 1937.', 'https://upload.wikimedia.org/wikipedia/commons/5/5c/Bgyarmat_Madach2.jpg', 48.076611, 19.289417, 2, '2025-04-26 18:43:27', '2025-04-26 18:43:27'),
(5, 'Mikszáth bust', 'Bust of Kálmán Mikszáth, made by Munkácsy Prize-winning sculptor Klára Herczeg. The city council decided on its erection in the late 1950s. The completed bust was inaugurated in 1961 in front of the county hall, in Köztársaság Square. The bust was renovated in 2012-2013.', 'https://upload.wikimedia.org/wikipedia/commons/d/de/Miksz%C3%A1th_K%C3%A1lm%C3%A1n_fel%C3%BAj%C3%ADtott_mellszobra_Balassagyarmaton.jpg', 48.077028, 19.290722, 2, '2025-04-26 18:43:27', '2025-04-26 18:43:27'),
(6, 'Petőfi statue', 'Full-figure bronze statue of Sándor Petőfi, made by Tibor Borbás. It was handed over on March 15, 1977, in Palóc liget. The city\'s commemoration of the March 15th national holiday is held at the statue. Due to the shape of the cape stretched out by the extended arms, locals often mockingly call it the \"bat\".', 'https://upload.wikimedia.org/wikipedia/commons/0/07/Pet%C5%91fi_statue_Balassagyarmat_2.jpg', 48.074917, 19.290889, 2, '2025-04-26 18:43:27', '2025-04-26 18:43:27'),
(7, 'Jenő Komjáthy bust', 'Sándor Győrfi\'s bust of Jenő Komjáthy was handed over in 1981 in Palóc liget.', 'https://upload.wikimedia.org/wikipedia/commons/d/d7/Komj%C3%A1thy_statue_Balassagyarmat.jpg', 48.074583, 19.288861, 2, '2025-04-26 18:43:27', '2025-04-26 18:43:27'),
(8, 'Ernő Kondor bust', 'Barna Búza\'s pyrogranite bust of Ernő Kondor has stood in the courtyard of the Local History Collection since 1980.', NULL, 48.079972, 19.304139, 2, '2025-04-26 18:43:27', '2025-04-26 18:43:27'),
(9, 'Lőrinc Szabó bust (2017)', 'The new Lőrinc Szabó bust, created by Balassagyarmat sculptor György Petró, somewhat evokes the work by Miklós Borsos erected in 1977 and disappeared in 1997. The inauguration ceremony took place on October 3, 2017.', 'https://upload.wikimedia.org/wikipedia/commons/5/5e/Szab%C3%B3_L%C5%91rinc%2C_Pal%C3%B3c_liget_2.jpg', 48.074972, 19.289000, 2, '2025-04-26 18:43:27', '2025-04-26 18:43:27'),
(10, 'Memorial plaque for driving out the Czechs', 'Balassagyarmat\'s first public artwork created with public funds, commemorating the uprising of January 29, 1919. The memorial plaque was made by Hugó Keviczky. It was inaugurated on November 22, 1922, on the wall of the town hall , Horthy Miklós also gave a speech. Later, the bronze turul bird was removed and the plaque was turned over, engraving a new text on it. After the change of regime, it was turned back, and the turul was replaced with a copy.', 'https://upload.wikimedia.org/wikipedia/commons/thumb/c/ca/Repulsion_of_Czech_troops_plaque_%28Balassagyarmat_R%C3%A1k%C3%B3czi_fejedelem_%C3%BAt_12%29.jpg/1024px-Repulsion_of_Czech_troops_plaque_%28Balassagyarmat_R%C3%A1k%C3%B3czi_fejedelem_%C3%BAt_12%29.jpg', 48.077389, 19.291083, 3, '2025-04-26 18:43:27', '2025-04-26 18:43:27'),
(11, 'Imre Madách memorial plaque', 'Memorial plaque made by Hugó Keviczky. It was inaugurated on September 6, 1925, on the wall of the county hall during the opening of the economic exhibition. Festive speeches at the inauguration were given by House Speaker Béla Scitovszky, Governor Miklós Horthy, and MTA President Albert Berzeviczy. The inscription on the plaque was later partially erased , then made readable again or re-engraved based on civil initiative.', 'https://upload.wikimedia.org/wikipedia/commons/thumb/2/25/Mad%C3%A1ch_Imre_plaque_%28Balassagyarmat_Civitas_Fortissima_t%C3%A9r_2%29.jpg/1024px-Mad%C3%A1ch_Imre_plaque_%28Balassagyarmat_Civitas_Fortissima_t%C3%A9r_2%29.jpg', 48.076917, 19.290528, 3, '2025-04-26 18:43:27', '2025-04-26 18:43:27'),
(12, 'Kálmán Mikszáth memorial plaque', 'Memorial plaque made by Hugó Keviczky. It was inaugurated on September 6, 1925, on the wall of the county hall during the opening of the economic exhibition. Festive speeches at the inauguration were given by House Speaker Béla Scitovszky, Governor Miklós Horthy, and MTA President Albert Berzeviczy. The inscription on the plaque was later partially erased, then after 1990, the \"fragmented\" words were made readable again.', 'https://upload.wikimedia.org/wikipedia/commons/3/3f/Miksz%C3%A1th_K%C3%A1lm%C3%A1n_plaque_%28Balassagyarmat_Civitas_Fortissima_t%C3%A9r_2%29.jpg', 48.076833, 19.290361, 3, '2025-04-26 18:43:27', '2025-04-26 18:43:27'),
(13, 'Memorial plaque for the heroes of Balassi Bálint Grammar School', 'Memorial plaque for the teachers and students who died in the First World War. The memorial plaque was made by János Branceisz. It was unveiled on June 10, 1926, at the celebration of the 25th anniversary of the establishment of the Hungarian Royal State Grammar School.', 'https://upload.wikimedia.org/wikipedia/commons/0/06/WWI_plaque_%28Balassagyarmat_De%C3%A1k_Ferenc_u_17%29.jpg', 48.075722, 19.294167, 3, '2025-04-26 18:43:27', '2025-04-26 18:43:27'),
(14, 'Statues of the courthouse', 'Statues depicting a praetor symbolizing the guardian of the law and Iustitia, the Roman goddess of justice, on the main facade of the Balassagyarmat Courthouse. The building was handed over in 1912. Due to the deterioration of the statues, the originals were replaced with new statue copies in 2022-2023.', 'https://upload.wikimedia.org/wikipedia/commons/b/b6/Praetur_und_Justitia_Statue%2C_Landgericht%2C_2022_Balassagyarmat.jpg', 48.076389, 19.288889, 4, '2025-04-26 18:43:27', '2025-04-26 18:43:27'),
(15, 'Boy Riding statue', 'Bronze statue created by Károly Vasas. It was placed in front of the Ifjúság Úti Elementary School in 1968 , then relocated to the front of the Szabó Lőrinc Elementary School after the closure of the former.', NULL, 48.067806, 19.304778, 4, '2025-04-26 18:43:27', '2025-04-26 18:43:27'),
(16, 'Balassi Bálint statue', 'Waist-up sculpted statue created by Péter Párkányi Raab, depicting Balassi while writing. It was inaugurated in 2004 in the garden of the Balassi Bálint Grammar School , at the former location of the Balassi stele. (Note: Not a public art work.)', NULL, 48.075833, 19.294167, 5, '2025-04-26 18:43:27', '2025-04-26 18:43:27'),
(17, 'Decorative plates', 'A series of six pieces made of pyrogranite by ceramist Veronika Szabady, depicting three grotesque faces. They were exhibited in 1974 , then displayed on the facade of the main square building. Following the building\'s renovation, they were not returned to their original location but were moved to the Jánossy Gallery after restoration. (Note: Demolished/Relocated work.)', 'https://upload.wikimedia.org/wikipedia/commons/thumb/c/cc/D%C3%ADszt%C3%A1lak%2C_Balassagyarmat.jpg/1280px-D%C3%ADszt%C3%A1lak%2C_Balassagyarmat.jpg', 48.076750, 19.291139, 6, '2025-04-26 18:43:27', '2025-04-26 18:43:27');

-- --------------------------------------------------------

--
-- Tábla szerkezet ehhez a táblához `pin_categories`
--

CREATE TABLE `pin_categories` (
  `id` bigint(20) UNSIGNED NOT NULL,
  `category_name` varchar(255) NOT NULL,
  `category_color` varchar(255) DEFAULT NULL,
  `created_at` timestamp NULL DEFAULT NULL,
  `updated_at` timestamp NULL DEFAULT NULL
) ENGINE=InnoDB DEFAULT CHARSET=utf8mb4 COLLATE=utf8mb4_unicode_ci;

--
-- A tábla adatainak kiíratása `pin_categories`
--

INSERT INTO `pin_categories` (`id`, `category_name`, `category_color`, `created_at`, `updated_at`) VALUES
(1, 'Historical events', '#8B0000', '2025-04-26 18:43:17', '2025-04-26 18:43:17'),
(2, 'Famous people', '#1E90FF', '2025-04-26 18:43:17', '2025-04-26 18:43:17'),
(3, 'Memorial plaques', '#FFD700', '2025-04-26 18:43:17', '2025-04-26 18:43:17'),
(4, 'Other works', '#32CD32', '2025-04-26 18:43:17', '2025-04-26 18:43:17'),
(5, 'Non-public works', '#8A2BE2', '2025-04-26 18:43:17', '2025-04-26 18:43:17'),
(6, 'Demolished works', '#A9A9A9', '2025-04-26 18:43:17', '2025-04-26 18:43:17');

-- --------------------------------------------------------

--
-- Tábla szerkezet ehhez a táblához `pin_user`
--

CREATE TABLE `pin_user` (
  `id` bigint(20) UNSIGNED NOT NULL,
  `pin_id` bigint(20) UNSIGNED NOT NULL,
  `user_id` bigint(20) UNSIGNED NOT NULL,
  `created_at` timestamp NULL DEFAULT NULL,
  `updated_at` timestamp NULL DEFAULT NULL
) ENGINE=InnoDB DEFAULT CHARSET=utf8mb4 COLLATE=utf8mb4_unicode_ci;

-- --------------------------------------------------------

--
-- Tábla szerkezet ehhez a táblához `users`
--

CREATE TABLE `users` (
  `id` bigint(20) UNSIGNED NOT NULL,
  `name` varchar(255) NOT NULL,
  `email` varchar(255) NOT NULL,
  `email_verified_at` timestamp NULL DEFAULT NULL,
  `password` varchar(255) NOT NULL,
  `remember_token` varchar(100) DEFAULT NULL,
  `created_at` timestamp NULL DEFAULT NULL,
  `updated_at` timestamp NULL DEFAULT NULL,
  `image` varchar(255) DEFAULT NULL,
  `bio` varchar(255) DEFAULT NULL,
  `is_admin` tinyint(1) NOT NULL DEFAULT 0
) ENGINE=InnoDB DEFAULT CHARSET=utf8mb4 COLLATE=utf8mb4_unicode_ci;

--
-- Indexek a kiírt táblákhoz
--

--
-- A tábla indexei `comments`
--
ALTER TABLE `comments`
  ADD PRIMARY KEY (`id`),
  ADD KEY `comments_user_id_foreign` (`user_id`),
  ADD KEY `comments_idea_id_foreign` (`idea_id`);

--
-- A tábla indexei `failed_jobs`
--
ALTER TABLE `failed_jobs`
  ADD PRIMARY KEY (`id`),
  ADD UNIQUE KEY `failed_jobs_uuid_unique` (`uuid`);

--
-- A tábla indexei `follower_user`
--
ALTER TABLE `follower_user`
  ADD KEY `follower_user_user_id_foreign` (`user_id`),
  ADD KEY `follower_user_follower_id_foreign` (`follower_id`);

--
-- A tábla indexei `ideas`
--
ALTER TABLE `ideas`
  ADD PRIMARY KEY (`id`),
  ADD KEY `ideas_user_id_foreign` (`user_id`);

--
-- A tábla indexei `idea_like`
--
ALTER TABLE `idea_like`
  ADD PRIMARY KEY (`id`),
  ADD KEY `idea_like_user_id_foreign` (`user_id`),
  ADD KEY `idea_like_idea_id_foreign` (`idea_id`);

--
-- A tábla indexei `migrations`
--
ALTER TABLE `migrations`
  ADD PRIMARY KEY (`id`);

--
-- A tábla indexei `password_resets`
--
ALTER TABLE `password_resets`
  ADD PRIMARY KEY (`email`);

--
-- A tábla indexei `personal_access_tokens`
--
ALTER TABLE `personal_access_tokens`
  ADD PRIMARY KEY (`id`),
  ADD UNIQUE KEY `personal_access_tokens_token_unique` (`token`),
  ADD KEY `personal_access_tokens_tokenable_type_tokenable_id_index` (`tokenable_type`,`tokenable_id`);

--
-- A tábla indexei `pins`
--
ALTER TABLE `pins`
  ADD PRIMARY KEY (`id`),
  ADD KEY `pins_pin_category_id_foreign` (`pin_category_id`);

--
-- A tábla indexei `pin_categories`
--
ALTER TABLE `pin_categories`
  ADD PRIMARY KEY (`id`);

--
-- A tábla indexei `pin_user`
--
ALTER TABLE `pin_user`
  ADD PRIMARY KEY (`id`),
  ADD KEY `pin_user_pin_id_foreign` (`pin_id`),
  ADD KEY `pin_user_user_id_foreign` (`user_id`);

--
-- A tábla indexei `users`
--
ALTER TABLE `users`
  ADD PRIMARY KEY (`id`),
  ADD UNIQUE KEY `users_email_unique` (`email`);

--
-- A kiírt táblák AUTO_INCREMENT értéke
--

--
-- AUTO_INCREMENT a táblához `comments`
--
ALTER TABLE `comments`
  MODIFY `id` bigint(20) UNSIGNED NOT NULL AUTO_INCREMENT;

--
-- AUTO_INCREMENT a táblához `failed_jobs`
--
ALTER TABLE `failed_jobs`
  MODIFY `id` bigint(20) UNSIGNED NOT NULL AUTO_INCREMENT;

--
-- AUTO_INCREMENT a táblához `ideas`
--
ALTER TABLE `ideas`
  MODIFY `id` bigint(20) UNSIGNED NOT NULL AUTO_INCREMENT;

--
-- AUTO_INCREMENT a táblához `idea_like`
--
ALTER TABLE `idea_like`
  MODIFY `id` bigint(20) UNSIGNED NOT NULL AUTO_INCREMENT;

--
-- AUTO_INCREMENT a táblához `migrations`
--
ALTER TABLE `migrations`
  MODIFY `id` int(10) UNSIGNED NOT NULL AUTO_INCREMENT, AUTO_INCREMENT=16;

--
-- AUTO_INCREMENT a táblához `personal_access_tokens`
--
ALTER TABLE `personal_access_tokens`
  MODIFY `id` bigint(20) UNSIGNED NOT NULL AUTO_INCREMENT;

--
-- AUTO_INCREMENT a táblához `pins`
--
ALTER TABLE `pins`
  MODIFY `id` bigint(20) UNSIGNED NOT NULL AUTO_INCREMENT, AUTO_INCREMENT=18;

--
-- AUTO_INCREMENT a táblához `pin_categories`
--
ALTER TABLE `pin_categories`
  MODIFY `id` bigint(20) UNSIGNED NOT NULL AUTO_INCREMENT, AUTO_INCREMENT=7;

--
-- AUTO_INCREMENT a táblához `pin_user`
--
ALTER TABLE `pin_user`
  MODIFY `id` bigint(20) UNSIGNED NOT NULL AUTO_INCREMENT;

--
-- AUTO_INCREMENT a táblához `users`
--
ALTER TABLE `users`
  MODIFY `id` bigint(20) UNSIGNED NOT NULL AUTO_INCREMENT;

--
-- Megkötések a kiírt táblákhoz
--

--
-- Megkötések a táblához `comments`
--
ALTER TABLE `comments`
  ADD CONSTRAINT `comments_idea_id_foreign` FOREIGN KEY (`idea_id`) REFERENCES `ideas` (`id`) ON DELETE CASCADE,
  ADD CONSTRAINT `comments_user_id_foreign` FOREIGN KEY (`user_id`) REFERENCES `users` (`id`) ON DELETE CASCADE;

--
-- Megkötések a táblához `follower_user`
--
ALTER TABLE `follower_user`
  ADD CONSTRAINT `follower_user_follower_id_foreign` FOREIGN KEY (`follower_id`) REFERENCES `users` (`id`) ON DELETE CASCADE,
  ADD CONSTRAINT `follower_user_user_id_foreign` FOREIGN KEY (`user_id`) REFERENCES `users` (`id`) ON DELETE CASCADE;

--
-- Megkötések a táblához `ideas`
--
ALTER TABLE `ideas`
  ADD CONSTRAINT `ideas_user_id_foreign` FOREIGN KEY (`user_id`) REFERENCES `users` (`id`) ON DELETE CASCADE;

--
-- Megkötések a táblához `idea_like`
--
ALTER TABLE `idea_like`
  ADD CONSTRAINT `idea_like_idea_id_foreign` FOREIGN KEY (`idea_id`) REFERENCES `ideas` (`id`) ON DELETE CASCADE,
  ADD CONSTRAINT `idea_like_user_id_foreign` FOREIGN KEY (`user_id`) REFERENCES `users` (`id`) ON DELETE CASCADE;

--
-- Megkötések a táblához `pins`
--
ALTER TABLE `pins`
  ADD CONSTRAINT `pins_pin_category_id_foreign` FOREIGN KEY (`pin_category_id`) REFERENCES `pin_categories` (`id`) ON DELETE CASCADE;

--
-- Megkötések a táblához `pin_user`
--
ALTER TABLE `pin_user`
  ADD CONSTRAINT `pin_user_pin_id_foreign` FOREIGN KEY (`pin_id`) REFERENCES `pins` (`id`) ON DELETE CASCADE,
  ADD CONSTRAINT `pin_user_user_id_foreign` FOREIGN KEY (`user_id`) REFERENCES `users` (`id`) ON DELETE CASCADE;
COMMIT;

/*!40101 SET CHARACTER_SET_CLIENT=@OLD_CHARACTER_SET_CLIENT */;
/*!40101 SET CHARACTER_SET_RESULTS=@OLD_CHARACTER_SET_RESULTS */;
/*!40101 SET COLLATION_CONNECTION=@OLD_COLLATION_CONNECTION */;
